{"cameraMode":{"drawMode":0,"name":"Shaded","section":"Shading Mode"},"sceneLighting":false,"audioPlay":false,"sceneViewState":{"showFog":true,"showMaterialUpdate":false,"showSkybox":true,"showFlares":true,"showImageEffects":true,"showParticleSystems":true},"in2DMode":false,"pivot":{"x":383.82537841796877,"y":226.46334838867188,"z":210.48611450195313},"rotation":{"x":-0.018305988982319833,"y":0.017093736678361894,"z":-0.00031309633050113916,"w":-0.9996891021728516},"size":786.58837890625,"orthographic":false}