{"cameraMode":{"drawMode":0,"name":"Shaded","section":"Shading Mode"},"sceneLighting":false,"audioPlay":false,"sceneViewState":{"showFog":true,"showMaterialUpdate":false,"showSkybox":true,"showFlares":true,"showImageEffects":true,"showParticleSystems":true},"in2DMode":false,"pivot":{"x":-147.59437561035157,"y":-4.185857772827148,"z":32.19019317626953},"rotation":{"x":-0.003309638239443302,"y":0.003596728900447488,"z":-0.000012207430700073019,"w":-0.9999901056289673},"size":1400.682373046875,"orthographic":false}